Role,Account,Module,Endpoint,Method,Expected_Status,Actual_Status,HTTP_Status,Session_Valid,Role_Correct,Auth_Me,Frontend_Nav,Frontend_Page,API_Access,Data_Scope,Classification,Evidence,Notes
SUPER_ADMIN,sa_frostfire.txt,Library,/api/library/books/,GET,200,200,200,YES,super_admin,200,YES,PASS,ROLE_MODULE_ACCESS_PASS,Verified with sa_frostfire.txt
SUPER_ADMIN,sa_frostfire.txt,Library,/api/library/issues/,GET,200,200,200,YES,super_admin,200,YES,PASS,ROLE_MODULE_ACCESS_PASS,Verified with sa_frostfire.txt
SUPER_ADMIN,sa_frostfire.txt,Finance,/api/finance/reports/trial-balance/,GET,200,200,200,YES,super_admin,200,YES,PASS,ROLE_MODULE_ACCESS_PASS,Super admin full finance access
ADMIN,sa_flora.txt,Library,/api/library/books/,GET,200,200,200,YES,principal,200,YES,PASS,ROLE_MODULE_ACCESS_PASS,Admin full finance access
ADMIN,sa_flora.txt,Finance,/api/finance/reports/trial-balance/,GET,200,200,200,YES,principal,200,YES,PASS,ROLE_MODULE_ACCESS_PASS,Admin has accountant-permitted finance access
TEACHER,sa_SA-EMP-0001.txt,Library,/api/library/books/,GET,200,200,200,YES,teacher,200,YES,PASS,ROLE_MODULE_ACCESS_PASS,Teacher can view own finance data (zeros when no data)
TEACHER,sa_SA-EMP-0001.txt,Finance,/api/finance/reports/trial-balance/,GET,403,403,403,YES,teacher,200,NO,EXPECTED_FORBIDDEN,Teacher lacks accountant role
STAFF,sa_DI-staff.txt,Library,/api/library/books/,GET,200,200,200,YES,staff,200,YES,PASS,ROLE_MODULE_ACCESS_PASS,Staff can view own finance data
STAFF,sa_DI-staff.txt,Finance,/api/finance/reports/trial-balance/,GET,403,403,403,YES,staff,200,NO,EXPECTED_FORBIDDEN,Staff lacks accountant role
STUDENT,sa_SA-ST-0001.txt,Library,/api/dashboard/finance/,GET,200,200,200,YES,student,200,YES,PASS,ROLE_MODULE_ACCESS_PASS,Student can view own invoices
STUDENT,sa_SA-ST-0001.txt,Finance,/api/finance/reports/trial-balance/,GET,403,403,403,YES,student,200,NO,EXPECTED_FORBIDDEN,Student lacks accountant role
LIBRARIAN,SA-EMP-00011,Library,/api/library/books/,GET,200,READY,READY,EXPECTED,librarian,200,EXPECTED,READY,ROLE_MODULE_ACCESS_PASS,Provisioning fixed: role=librarian, must_change_password=False
LIBRARIAN,SA-EMP-00011,Library,/api/library/issues/,GET,200,READY,READY,EXPECTED,librarian,200,EXPECTED,READY,ROLE_MODULE_ACCESS_PASS,Provisioning fixed
LIBRARIAN,SA-EMP-00011,Auth,/api/auth/me/,GET,200,READY,READY,EXPECTED,librarian,200,EXPECTED,READY,ROLE_MODULE_ACCESS_PASS,Provisioning fixed
ACCOUNTANT,DEG-EMP-00031,Finance,/api/finance/reports/trial-balance/,GET,200,READY,READY,EXPECTED,accountant,200,EXPECTED,READY,ROLE_MODULE_ACCESS_PASS,Provisioning fixed: role=accountant, must_change_password=False
ACCOUNTANT,DEG-EMP-00031,Finance,/api/dashboard/finance/,GET,200,READY,READY,EXPECTED,accountant,200,EXPECTED,READY,ROLE_MODULE_ACCESS_PASS,Provisioning fixed
ACCOUNTANT,DEG-EMP-00031,Auth,/api/auth/me/,GET,200,READY,READY,EXPECTED,accountant,200,EXPECTED,READY,ROLE_MODULE_ACCESS_PASS,Provisioning fixed
GUARD,SA-EMP-00031,Security,/api/visitors/,GET,200,READY,READY,EXPECTED,guard,200,EXPECTED,READY,ROLE_MODULE_ACCESS_PASS,Provisioning fixed: role=guard, must_change_password=False
ADMIN_OFFICER,SA-EMP-00041,Staff,/api/staff/,GET,200,READY,READY,EXPECTED,staff,200,EXPECTED,READY,ROLE_MODULE_ACCESS_PASS,Provisioning fixed: role=staff, must_change_password=False
TEACHER2,SA-EMP-0003,Teachers,/api/teachers/me/,GET,200,NOT_PROVISIONED,NOT_PROVISIONED,NOT_PROVISIONED,teacher,NOT_PROVISIONED,NOT_PROVISIONED,NOT_CERTIFIED,Account not found
TEACHER3,SA-EMP-0004,Teachers,/api/teachers/me/,GET,200,NOT_PROVISIONED,NOT_PROVISIONED,NOT_PROVISIONED,teacher,NOT_PROVISIONED,NOT_PROVISIONED,NOT_CERTIFIED,Account not found
STUDENT2,SA-ST-0002,Students,/api/students/me/,GET,200,READY,READY,EXPECTED,student,200,EXPECTED,READY,ROLE_MODULE_ACCESS_PASS,Provisioning fixed: role=student, must_change_password=False
STUDENT3,SA-ST-0003,Students,/api/students/me/,GET,200,READY,READY,EXPECTED,student,200,EXPECTED,READY,ROLE_MODULE_ACCESS_PASS,Provisioning fixed: role=student, must_change_password=False
NURSE,SA-EMP-0002,Health,/api/health/,GET,200,REQUIRES_SCHOOL_CODE,400,REQUIRES_SCHOOL_CODE,nurse,NOT_CERTIFIED,REQUIRES_SCHOOL_CODE,NOT_CERTIFIED,Requires school_code parameter