Location,Frontend_Check,Backend_Check,Match,Issue_Description,Severity,Fixed
frontend/src/App.jsx:395,Library nav roles includes "librarian",Library nav roles includes "librarian",MATCH,,,
frontend/src/App.jsx:1229,Library route RequireRoles includes "librarian",Library route RequireRoles includes "librarian",MATCH,,,
frontend/src/App.jsx:382,Finance nav roles includes "accountant",Finance nav roles includes "accountant",MATCH,,,
frontend/src/App.jsx:1149,Finance route RequireRoles includes "accountant",Finance route RequireRoles includes "accountant",MATCH,,,
frontend/src/App.jsx:1229,Library route RequireRoles includes "librarian",Library route RequireRoles includes "librarian",MATCH,,,
frontend/src/App.jsx:377,Staff nav roles includes "hr",Staff nav roles includes "hr",MATCH,,,
frontend/src/App.jsx:1131,HR route RequireRoles includes "hr",HR route RequireRoles includes "hr",MATCH,,,
frontend/src/pages/ReportsPage.jsx:167,ReportsPage library report url="library/",Backend has /api/reports/library/*,Frontend expects /api/reports/library/,BACKEND_BASE_404,/api/reports/ base returns 404 blocking library reports,HIGH,
frontend/src/pages/LibraryPage.jsx:8,LibraryPage uses /api/library/books/,Backend has /api/library/books/,MATCH,,,
frontend/src/pages/LibraryPage.jsx:9,LibraryPage uses /api/library/issues/,Backend has /api/library/issues/,MATCH,,,
frontend/src/pages/LibraryPage.jsx:310,LibraryPage subtitle "Manage the school library catalog and book issues.",UI text matches functionality,MATCH,,,
frontend/src/pages/ReportsPage.jsx:167,ReportsPage library report url="library/",Backend has /api/reports/library/*,Frontend expects /api/reports/library/,BACKEND_BASE_404,/api/reports/ base returns 404 blocking library reports,HIGH,
backend/apps/accounts/permissions.py:163,IsLibrarianRole includes "librarian",Frontend route/nav includes "librarian",MATCH,,,
backend/apps/accounts/permissions.py:116,IsAccountantRole includes "accountant",Frontend finance route includes "accountant",MATCH,,,
backend/apps/accounts/permissions.py:163,IsLibrarianRole includes "librarian",Frontend library route includes "librarian",MATCH,,,
backend/apps/reports/library_views.py:17,LibraryInventoryReportView permission IsAccountantRole+IsLibrarianRole,IsLibrarianRole added,FIXED,,,
backend/apps/reports/library_views.py:78,AvailableBooksReportView permission IsAccountantRole+IsLibrarianRole,FIXED,,,
backend/apps/reports/library_views.py:120,IssuedBooksReportView permission IsAccountantRole+IsLibrarianRole,FIXED,,,
backend/apps/reports/library_views.py:180,ReturnedBooksReportView permission IsAccountantRole+IsLibrarianRole,FIXED,,,
backend/apps/reports/library_views.py:236,OverdueBooksReportView permission IsAccountantRole+IsLibrarianRole,FIXED,,,
backend/apps/reports/library_views.py:289,LibraryFinesReportView permission IsAccountantRole+IsLibrarianRole,FIXED,,,
backend/apps/reports/library_views.py:345,LibraryActivitySummaryReportView permission IsAccountantRole+IsLibrarianRole,FIXED,,,
backend/apps/reports/library_views.py:406,MostBorrowedBooksReportView permission IsAccountantRole+IsLibrarianRole,FIXED,,,
backend/apps/reports/library_views.py:454,StudentBorrowingHistoryReportView permission IsAccountantRole+IsLibrarianRole,FIXED,,,
backend/apps/reports/library_views.py:509,TeacherBorrowingHistoryReportView permission IsAccountantRole+IsLibrarianRole,FIXED,,,
backend/apps/reports/urls.py,Reports URLs,/api/reports/ base missing,REPORTS_BASE_404,/api/reports/ base returns 404,CRITICAL,