Route,Module,Backend_Implemented,Backend_Permission,Backend_Allows,Frontend_Route_Exists,Frontend_Nav_Exists,Frontend_Page_Exists,Frontend_Allows_Librarian,HTTP_Status,Classification,Evidence,Notes
/api/library/books/,Library,YES,IsLibrarianRole,super_admin,admin,org_admin,head_office,principal,vice_principal,campus_admin,academic,librarian,teacher,YES,YES,YES,YES,200,PASS,LibraryPage.jsx uses this; tested with SUPER_ADMIN/ADMIN/TEACHER
/api/library/books/<pk>/,Library,YES,IsLibrarianRole,super_admin,admin,org_admin,head_office,principal,vice_principal,campus_admin,academic,librarian,teacher,YES,YES,YES,YES,200,PASS,LibraryPage.jsx edit/delete uses this
/api/library/books/<pk>/copies/,Library,YES,IsLibrarianRole,super_admin,admin,org_admin,head_office,principal,vice_principal,campus_admin,academic,librarian,teacher,YES,YES,YES,YES,200,PASS,LibraryPage.jsx copies modal uses this
/api/library/books/<pk>/copies/<pk>/,Library,YES,IsLibrarianRole,super_admin,admin,org_admin,head_office,principal,vice_principal,campus_admin,academic,librarian,teacher,YES,YES,YES,YES,200,PASS,BookCopyDetailView
/api/library/issues/,Library,YES,IsLibrarianRole,super_admin,admin,org_admin,head_office,principal,vice_principal,campus_admin,academic,librarian,teacher,YES,YES,YES,YES,200,PASS,LibraryPage.jsx issues tab uses this
/api/library/issues/<pk>/,Library,YES,IsLibrarianRole,super_admin,admin,org_admin,head_office,principal,vice_principal,campus_admin,academic,librarian,teacher,YES,YES,YES,YES,200,PASS,BookIssueDetailView
/api/library/issues/<pk>/return/,Library,YES,IsLibrarianRole,super_admin,admin,org_admin,head_office,principal,vice_principal,campus_admin,academic,librarian,teacher,YES,YES,YES,YES,200,PASS,BookReturnView; LibraryPage.jsx handleReturn uses this
/api/library/reservations/,Library,YES,IsLibrarianRole,super_admin,admin,org_admin,head_office,principal,vice_principal,campus_admin,academic,librarian,teacher,YES,YES,YES,YES,200,PASS,BookReservationListCreateView
/api/library/reservations/<pk>/,Library,YES,IsLibrarianRole,super_admin,admin,org_admin,head_office,principal,vice_principal,campus_admin,academic,librarian,teacher,YES,YES,YES,YES,200,PASS,BookReservationDetailView
/api/library/reservations/<pk>/fulfill/,Library,YES,IsLibrarianRole,super_admin,admin,org_admin,head_office,principal,vice_principal,campus_admin,academic,librarian,teacher,YES,YES,YES,YES,200,PASS,BookReservationFulfillView
/api/library/reservations/<pk>/cancel/,Library,YES,IsLibrarianRole,super_admin,admin,org_admin,head_office,principal,vice_principal,campus_admin,academic,librarian,teacher,YES,YES,YES,YES,200,PASS,BookReservationCancelView
/api/library/books/<pk>/copies/,Library,YES,IsLibrarianRole,super_admin,admin,org_admin,head_office,principal,vice_principal,campus_admin,academic,librarian,teacher,YES,YES,YES,YES,200,PASS,BookCopyListCreateView
/api/library/books/<pk>/copies/<pk>/,Library,YES,IsLibrianRole,super_admin,admin,org_admin,head_office,principal,vice_principal,campus_admin,academic,librarian,teacher,YES,YES,YES,YES,200,PASS,BookCopyDetailView
/api/library/reports/,Library,NO,N/A,N/A,NO,NO,NO,NO,404,ROUTE_DEFECT,ReportsPage.jsx expects /api/reports/library/; LibraryPage.jsx doesn't use this
/api/library/members/,Library,NO,N/A,N/A,NO,NO,NO,NO,404,NOT_IMPLEMENTED,No frontend reference; no backend view
/api/library/settings/,Library,NO,N/A,N/A,NO,NO,NO,NO,404,NOT_IMPLEMENTED,No frontend reference; no backend view
/api/library/,Library,NO,N/A,N/A,NO,NO,NO,NO,404,NOT_IMPLEMENTED,No root view
/api/reports/library/,Library Reports,YES (LibraryOverviewReportView),IsAccountantRole,super_admin,admin,org_admin,head_office,principal,vice_principal,campus_admin,academic,accountant,hr,NO (reports base 404),YES (ReportsPage.jsx),NO,404,ROUTE_DEFECT,LibraryOverviewReportView exists; reports base /api/reports/ returns 404
/api/reports/library/inventory/,Library Reports,YES (LibraryInventoryReportView),IsAccountantRole,IsLibrarianRole,super_admin,admin,org_admin,head_office,principal,vice_principal,campus_admin,academic,accountant,hr,librarian,teacher,NO,YES,NO,500,IMPLEMENTED_BROKEN,LibraryInventoryReportView exists; permission IsAccountantRole+IsLibrarianRole; 500 error
/api/reports/library/available/,Library Reports,YES (AvailableBooksReportView),IsAccountantRole,IsLibrarianRole,super_admin,admin,org_admin,head_office,principal,vice_principal,campus_admin,academic,accountant,hr,librarian,teacher,NO,YES,NO,500,IMPLEMENTED_BROKEN,AvailableBooksReportView exists; 500 error
/api/reports/library/issued/,Library Reports,YES (IssuedBooksReportView),IsAccountantRole,IsLibrarianRole,super_admin,admin,org_admin,head_office,principal,vice_principal,campus_admin,academic,accountant,hr,librarian,teacher,NO,YES,NO,500,IMPLEMENTED_BROKEN,IssuedBooksReportView exists; 500 error
/api/reports/library/returned/,Library Reports,YES (ReturnedBooksReportView),IsAccountantRole,IsLibrarianRole,super_admin,admin,org_admin,head_office,principal,vice_principal,campus_admin,academic,accountant,hr,librarian,teacher,NO,YES,NO,500,IMPLEMENTED_BROKEN,ReturnedBooksReportView exists; 500 error
/api/reports/library/overdue/,Library Reports,YES (OverdueBooksReportView),IsAccountantRole,IsLibrarianRole,super_admin,admin,org_admin,head_office,principal,vice_principal,campus_admin,academic,accountant,hr,librarian,teacher,NO,YES,NO,500,IMPLEMENTED_BROKEN,OverdueBooksReportView exists; 500 error
/api/reports/library/fines/,Library Reports,YES (LibraryFinesReportView),IsAccountantRole,IsLibrarianRole,super_admin,admin,org_admin,head_office,principal,vice_principal,campus_admin,academic,accountant,hr,librarian,teacher,NO,YES,NO,200,PARTIAL_IMPLEMENTED_BROKEN,LibraryFinesReportView exists; permission IsAccountantRole+IsLibrarianRole; works but librarians excluded before fix
/api/reports/library/activity/,Library Reports,YES (LibraryActivitySummaryReportView),IsAccountantRole,IsLibrarianRole,super_admin,admin,org_admin,head_office,principal,vice_principal,campus_admin,academic,accountant,hr,librarian,teacher,NO,YES,NO,200,PARTIAL_IMPLEMENTED_BROKEN,LibraryActivitySummaryReportView exists; works but librarians excluded before fix
/api/reports/library/most-borrowed/,Library Reports,YES (MostBorrowedBooksReportView),IsAccountantRole,IsLibrarianRole,super_admin,admin,org_admin,head_office,principal,vice_principal,campus_admin,academic,accountant,hr,librarian,teacher,NO,YES,NO,500,IMPLEMENTED_BROKEN,MostBorrowedBooksReportView exists; 500 error
/api/reports/library/student-history/,Library Reports,YES (StudentBorrowingHistoryReportView),IsAccountantRole,IsLibrarianRole,super_admin,admin,org_admin,head_office,principal,vice_principal,campus_admin,academic,accountant,hr,librarian,teacher,NO,YES,NO,NOT_TESTED,IMPLEMENTED_NOT_CONNECTED,StudentBorrowingHistoryReportView exists; permission IsAccountantRole+IsLibrarianRole
/api/reports/library/teacher-history/,Library Reports,YES (TeacherBorrowingHistoryReportView),IsAccountantRole,IsLibrarianRole,super_admin,admin,org_admin,head_office,principal,vice_principal,campus_admin,academic,accountant,hr,librarian,teacher,NO,YES,NO,NOT_TESTED,IMPLEMENTED_NOT_CONNECTED,TeacherBorrowingHistoryReportView exists; permission IsAccountantRole+IsLibrarianRole
/api/reports/library/,Library Reports,YES (LibraryOverviewReportView),IsAccountantRole,IsLibrarianRole,super_admin,admin,org_admin,head_office,principal,vice_principal,campus_admin,academic,accountant,hr,librarian,teacher,NO (reports base 404),YES (ReportsPage.jsx),NO,404,ROUTE_DEFECT,LibraryOverviewReportView exists; reports base /api/reports/ returns 404
/api/reports/,Reports Base,NO (404),N/A,N/A,NO (404),YES (ReportsPage.jsx),NO,404,ROUTE_DEFECT,Reports base endpoint not implemented; ReportsPage.jsx expects this
/library,Frontend Route,YES (LibraryPage.jsx),RequireRoles: super_admin,admin,principal,academic,accountant,hr,librarian,YES (/library),YES (Library nav),YES (LibraryPage.jsx),YES (FIXED),PASS,FRONTEND_CONFIG_FIXED,Route exists; FIXED: added librarian role to RequireRoles and nav roles
/finance,Frontend Route,YES (FinancePage.jsx),RequireRoles: super_admin,admin,principal,academic,accountant,YES (/finance),YES (Finance nav),YES (FinancePage.jsx),N/A,PASS,IMPLEMENTED_AND_WORKING,Includes accountant role
/hr,Frontend Route,YES (HRPage.jsx),RequireRoles: super_admin,admin,principal,academic,hr,YES (/hr),YES (HR nav),YES (HRPage.jsx),N/A,PARTIAL,NOT_CERTIFIED,Includes hr role but no test account
/transport,Frontend Route,YES (TransportPage.jsx),RequireRoles: super_admin,admin,principal,academic,accountant,hr,YES (/transport),YES (Transport nav),YES (TransportPage.jsx),N/A,PARTIAL,NOT_CERTIFIED,No test account
/inventory,Frontend Route,YES (InventoryPage.jsx),RequireRoles: super_admin,admin,principal,academic,accountant,hr,YES (/inventory),YES (Inventory nav),YES (InventoryPage.jsx),N/A,PARTIAL,NOT_CERTIFIED,No test account
/library,Frontend Nav,YES,roles: super_admin,admin,principal,academic,accountant,hr,librarian,YES,YES,YES,YES (FIXED),FRONTEND_CONFIG_FIXED,FIXED: added librarian role
/finance,Frontend Nav,YES,roles: super_admin,admin,principal,academic,accountant,YES,YES,YES,PASS,IMPLEMENTED_AND_WORKING,Includes accountant role
/hr,Frontend Nav,YES,roles: super_admin,admin,principal,academic,hr,YES,YES,YES,PARTIAL,NOT_CERTIFIED,Includes hr role but no test account