problem_id,title,severity,source_evidence,production_evidence,current_status,affected_roles,affected_modules,confirmed_defect,deployment_related,evidence_phase,final_disposition,notes
TPR-001,Production /api/deploy-test/ returns HTTP 404 despite route definition,CRITICAL,backend/config/urls.py:81 path api/deploy-test/ + DeployTestView (urls.py:19-40),404 on both https://perfect-foundation-api.vercel.app/api/deploy-test/ and https://perfect-foundation-sms.vercel.app/api/deploy-test/ while /api/health/ 200 same prefix,OPEN (fix/redeploy NOT performed; read-only phases),ALL,Core/Deployment,NOT a confirmed application defect (SOURCE_ROUTE_EXISTS=true; DEPLOYED_ROUTE_PROVEN_ABSENT=true; ROOT_CAUSE_PROVEN=false; no Vercel access),YES (deployment artifact/identity),TRACE-0115; PHASE_73/74/76; re-verified Phase 77.1 + Phase 78,STALE_DEPLOYMENT (deployment-artifact defect, not code defect),Blocks deployment identity proof -> blocks revision certification; verified NOT_BROKEN-in-source
TPR-002,Exact deployed commit SHA of production API cannot be proven (R73-P0-001),CRITICAL,Local git HEAD only (Phase 77.1 e48033b; Phase 78 HEAD advanced to 4306570 after Step 1),No Vercel dashboard/CLI auth; deploy-test 404; FE/API revision match unproven,OPEN,ALL,All,NO (environment limitation),YES (identity/certification),PHASE_74/76/78_STEP_1,DEPLOYMENT_IDENTITY_UNKNOWN,Deployment revision match NOT certified; depends on TPR-001
TPR-003,No browser automation / authenticated session capability,CRITICAL,Environment had no browser; all 18 roles AUTH_TEST_BLOCKED at Phase 77,R73-P0-002; resolved for Phase 78 via Playwright 1.63.0 + Chrome 153 (10 spec files, session-cookie injection); then post-Phase-78 environment-wide session invalidation,RESOLVED-for-Phase-78 then environment re-blocked (partially resolved),ALL,All,N/A,N/A (environment),PHASE_76 BROWSER_CAPABILITY_REPORT; PHASE_78_STEP_2_BROWSER_EVIDENCE,PARTIALLY_RESOLVED (browser provisioned & used; sessions currently invalid),Browser capability no longer the blocker; current blocker = server-side session invalidation (env)
TPR-004,/health-records frontend route guard omits the NURSE role although backend defines nurse,HIGH,frontend/src/App.jsx /health-records route guard role list (super_admin,admin,principal,vice_principal,campus_admin,teacher) vs accounts/models.py Role enum NURSE (line 25),UI lockout confirmed by static guard inspection; backend permits nurse; nurse cannot reach Health Records UI,OPEN (fix deferred; no fix executed),nurse,Health Records (MOD-22),YES (confirmed code-level UI gap),NO,PHASE_77 role audit + MISS-001; confirmed Phase 77.1 section D,CONFIRMED_CODE_DEFECT (P1 UI),Nurse role certification BLOCKED by FE guard; backend authz OK
TPR-005,Frontend-only roles / backend roles absent from FE guards diverge from canonical Role enum,HIGH,Role enum lines 11-29 vs App.jsx guard arrays,Phase 77.1 REVISED: frontend references 15/18 canonical roles; FRONTEND_ONLY_ROLES=0 (alumni/digital_ids are nav keys, not roles - TPR-005 phantom portion VOIDED); remaining: org_admin/head_office FE_ABSENT (defined backend, zero FE refs),OPEN (remainder),org_admin, head_office,All role-gated modules,NO (no runtime break; FE coverage gap),NO,PHASE_77_1 section D (correction),PARTIALLY_VOIDED (phantom revoked; org_admin/head_office FE gap stands),org_admin/head_office unusable from UI - roles defined but no FE surface
TPR-006,PermissionGate/RoleGate/RequirePermission/RequireRole components never imported anywhere (dead code),MEDIUM,frontend/src/components/PermissionGate.jsx exports; grep shows no importer; active guard = RequireRoles inline App.jsx:1006,Static-only (no runtime impact observed),OPEN (deferred),ALL,Authz layer,N/A (dead code - latent risk, not broken),NO,PHASE_77 grep audit,IMPLEMENTED_INERT (dead code, quality),Two divergent permission systems; risk of wiring a guard that never runs
TPR-007,hr/urls.py contains duplicate route definitions (contracts/documents/workload/reviews + employment-events twice),MEDIUM,backend/apps/hr/urls.py:78-82 vs 143-146; 138-139 vs 147-148,(same view wins - runtime same; reverse() ambiguous),OPEN (deferred),hr-roles,HR (MOD-17),NO (dup patterns; last-definition-wins, runtime verified same view),NO,PHASE_77 URL audit,CONFIRMED_CODE_QUALITY (deduplicate),reverse('employee-contract-list') ambiguity; merge artifacts
TPR-008,lms/urls.py duplicate/overriding question routes; QuizQuestionDeleteView dead, MEDIUM (downgraded),backend/apps/lms/urls.py:74-78 + 84-88; 69-73 + 79-83; PHASE_77.1 re-check: QuestionDetailView is RetrieveUpdateDestroyAPIView (lms/quiz_views.py:307) registered FIRST -> DELETE still served there; QuizQuestionDeleteView (quiz_views.py:196-197) unreachable/shadowed; duplicate quizzes/<quiz_id>/questions/new/ patterns,Static route analysis only (no live DELETE executed in Phase 78 - read-only),OPEN (deferred),teacher, student, principal,LMS (MOD-25),NO at runtime (DELETE is still served by first-registered RUD view); CONFIRMED code-ambiguity + dead view + duplicate pattern,NO,PHASE_77_1 section I.3 (revision),CONFIRMED_CODE_QUALITY (P1 ambiguity; NOT "delete broken"),DELETE not lost at API; defect = duplicate pattern + dead view + naming ambiguity
TPR-009,7 apps have NO tests (discipline, documents, health, homework, lms, search, transport),HIGH,Filesystem verified no tests.py/tests/ for those 7 apps,Phase 78 live read evidence exists for those modules but no source unit net,OPEN (test suites not written),ALL,Discipline/Documents/Health/Homework/LMS/Search/Transport,NO,NO,PHASE_77_1 section F,TEST_COVERAGE_GAP (7 modules),Read paths live-proven Phase 78; source tests still absent
TPR-010,Zero frontend tests in repository,HIGH,glob frontend/**/*.{test,spec}.{js,jsx} -> none (Phase 77),Phase 78 e2e Playwright suite (10 spec files) executed covering route guards/render; still zero frontend UNIT tests,OPEN (harness established for e2e; unit tests still absent),ALL,FE all,N/A,NO,PHASE_77.1; PHASE_78_STEP_2,PARTIALLY_RESOLVED (Playwright E2E suite present/executed; FE unit tests remain 0),Route-guard unit regression net still missing
TPR-011,Frontend/API different origins with cookie-session + CSRF rewrite, MEDIUM,frontend/vercel.json rewrite /api/:path -> https://perfect-foundation-api.vercel.app/api/:path; config/urls.py:281 CSRF_TRUSTED_ORIGINS,Cross-origin rewrite PROVEN functional for GET/auth in Phase 78 (login page on SMS host -> API auth 200; authenticated reads 200); non-GET CSRF flow UNVERIFIED (no mutations executed),OPEN (write-path unverified),ALL,All cookie-session,NO (no confirmed breakage),YES (architecture),PHASE_78 live reads; PHASE_77 TPR-011,PARTIALLY_VERIFIED (read path works live; write-path CSRF unverified),Do NOT claim safe writes; verify with a sandboxed mutation
TPR-012,pytest_teacher.txt historical harness ModuleNotFoundError 'apps.teacher' vs actual 'apps.teachers',LOW,backend/pytest_teacher.txt historical log,No runtime impact,OPEN (stale harness),N/A,N/A,NO,NO,PHASE_77 test audit,STALE_DOCUMENT (repair harness),Documentation/CI artifact only; no persistent defect
TPR-013,demoReports.js ships hardcoded DEMO_REPORTS fallback data, LOW,frontend/src/pages/demoReports.js exports DEMO_REPORTS,Phase 78 reports page rendered (no fake-data fallback observed); static risk only,OPEN (deferred),ALL,Reports (MOD-18),NO (latent risk: demo data could surface on API failure),NO,PHASE_77 explore agent,Bundle-risks-only (guard behind dev flag),Remove or gate behind explicit dev flag
TPR-014,reports module registers 100+ endpoints with name collisions (e.g. report-fee-defaulters dup; report-timetable-* vs timetable/*; SubjectPerformanceReportView 1/2/3), MEDIUM,backend/apps/reports/urls.py endpoint enumeration,Phase 78 reports catalog/builder rendered; collisions not live-triggered,OPEN (deferred),all-report-roles,Reports (MOD-18),NO (reverse()/catalog naming risk),NO,PHASE_77 endpoint audit,CONFIRMED_CODE_QUALITY (deduplicate names),URL-name collisions can break reverse()/tests/client links
TPR-015,hr/urls.py import lists and urlblocks duplicated/formatting drift,LOW,backend/apps/hr/urls.py:3-66 vs 58-65; lines 76-77 unindented,no runtime impact,OPEN (deferred),N/A,HR (MOD-17),NO,NO,PHASE_77 URL audit,CONFIRMED_CODE_QUALITY (cleanup),Fix alongside TPR-007
TPR-016,accounts.Role is TextChoices (no DB constraint) + TransferManager defined twice, MEDIUM,backend/apps/accounts/models.py Role TextChoices; TransferManager x2,no runtime break observed; role strings persisted by app code (tests enforce Role enum),OPEN (design choice/deferred),ALL auth roles,Accounts/MOD-01,NO (design; duplicates dead),NO,PHASE_77 model audit,CONFIRMED_CODE_QUALITY (duplicate) + DESIGN_CHOICE (enum),DB-level role FK/constraint recommended; remove duplicate TransferManager
TPR-017,dashboard/search/portal/ai/documents apps define no concrete models (documents NO models.py) while exposing features via students/hr models, LOW,apps/{dashboard,search,portal,ai,documents} no concrete models; documents NO models.py,Documents vault works via StudentDocument/EmployeeDocument (students/hr); no runtime anomaly,OPEN (architectural),N/A,Documents/Portal/Search/AI/Dashboard,NO (architectural ambiguity),NO,PHASE_77 model audit,ARCHITECTURAL_NOTE (ownership mismatch),Clarify domain ownership; relocate or add models