Role,Module,Endpoint,Method,Login_Status,Expected_Status,Actual_Status,HTTP_Status,Frontend_Nav,Frontend_Page,Backend_API,Authorization,Institution_Scope,Campus_Scope,Certification_Status,Evidence,Notes
SUPER_ADMIN,Dashboard,/api/dashboard/overview/,GET,SUCCESS,200,PASS,200,YES,PASS,200,Global,Global,CERTIFIED,sa_frostfire.txt session
SUPER_ADMIN,Students,/api/students/,GET,SUCCESS,200,PASS,200,YES,PASS,200,Global,Global,CERTIFIED,
SUPER_ADMIN,Teachers,/api/teachers/,GET,SUCCESS,200,PASS,200,YES,PASS,200,Global,CERTIFIED,
SUPER_ADMIN,Staff,/api/staff/,GET,SUCCESS,200,PASS,200,YES,PASS,200,Global,CERTIFIED,
SUPER_ADMIN,Library,/api/library/books/,GET,SUCCESS,200,PASS,200,YES,PASS,200,Global,CERTIFIED,
SUPER_ADMIN,Library,/api/library/issues/,GET,SUCCESS,200,PASS,200,YES,PASS,200,Global,CERTIFIED,
SUPER_ADMIN,Library,/api/library/issues/1/return/,POST,NOT_TESTED,200,NOT_TESTED,N/A,200,N/A,NOT_TESTED,Not tested - mutation blocked
SUPER_ADMIN,Finance,/api/dashboard/finance/,GET,SUCCESS,200,PASS,200,YES,PASS,200,Global,CERTIFIED,
SUPER_ADMIN,Finance,/api/finance/reports/trial-balance/,GET,SUCCESS,200,PASS,200,YES,PASS,200,Global,CERTIFIED,
SUPER_ADMIN,Finance,/api/finance/reports/income-expense/,GET,SUCCESS,200,PASS,200,YES,PASS,200,Global,CERTIFIED,
SUPER_ADMIN,Finance,/api/finance/reports/receivables/,GET,SUCCESS,200,PASS,200,YES,PASS,200,Global,CERTIFIED,
SUPER_ADMIN,Attendance,/api/attendance/,GET,SUCCESS,200,PASS,200,YES,PASS,200,Global,CERTIFIED,
SUPER_ADMIN,Exams,/api/exams/,GET,SUCCESS,200,PASS,200,YES,PASS,200,Global,CERTIFIED,
SUPER_ADMIN,Reports,/api/reports/,GET,SUCCESS,404,FAIL,404,ROUTE_DEFECT,/api/reports/ returns 404
ADMIN,Dashboard,/api/dashboard/overview/,GET,SUCCESS,200,PASS,200,YES,PASS,200,Springfield Academy,CERTIFIED,
ADMIN,Students,/api/students/,GET,SUCCESS,200,PASS,200,YES,PASS,200,Springfield Academy,CERTIFIED,
ADMIN,Teachers,/api/teachers/,GET,SUCCESS,200,PASS,200,YES,PASS,200,Springfield Academy,CERTIFIED,
ADMIN,Staff,/api/staff/,GET,SUCCESS,200,PASS,200,YES,PASS,200,Springfield Academy,CERTIFIED,
ADMIN,Library,/api/library/books/,GET,SUCCESS,200,PASS,200,YES,PASS,200,Springfield Academy,CERTIFIED,
ADMIN,Library,/api/library/issues/,GET,SUCCESS,200,PASS,200,YES,PASS,200,Springfield Academy,CERTIFIED,
ADMIN,Finance,/api/dashboard/finance/,GET,SUCCESS,200,PASS,200,YES,PASS,200,Springfield Academy,CERTIFIED,
ADMIN,Finance,/api/finance/reports/trial-balance/,GET,SUCCESS,200,PASS,200,YES,PASS,200,Springfield Academy,CERTIFIED,
ADMIN,Finance,/api/finance/reports/income-expense/,GET,SUCCESS,200,PASS,200,YES,PASS,200,Springfield Academy,CERTIFIED,
ADMIN,Finance,/api/finance/reports/receivables/,GET,SUCCESS,200,PASS,200,YES,PASS,200,Springfield Academy,CERTIFIED,
ADMIN,Attendance,/api/attendance/,GET,NOT_TESTED,NOT_TESTED,NOT_TESTED,NOT_TESTED,NOT_TESTED,NOT_CERTIFIED,Not tested in Phase 58
ADMIN,Exams,/api/exams/,GET,NOT_TESTED,NOT_TESTED,NOT_TESTED,NOT_TESTED,NOT_TESTED,NOT_CERTIFIED,Not tested in Phase 58
ADMIN,Reports,/api/reports/,GET,SUCCESS,404,FAIL,404,ROUTE_DEFECT,/api/reports/ returns 404
TEACHER,Dashboard,/api/dashboard/overview/,GET,SUCCESS,200,PASS,200,YES,PASS,200,Springfield Academy,CERTIFIED,
TEACHER,Students,/api/students/,GET,SUCCESS,200,PASS,200,YES,PASS,200,Springfield Academy,CERTIFIED,
TEACHER,Library,/api/library/books/,GET,SUCCESS,200,PASS,200,YES,PASS,200,Springfield Academy,CERTIFIED,
TEACHER,Library,/api/library/issues/,GET,SUCCESS,200,PASS,200,YES,PASS,200,Springfield Academy,CERTIFIED,
TEACHER,Attendance,/api/attendance/,GET,SUCCESS,200,PASS,200,YES,PASS,200,Springfield Academy,CERTIFIED,
TEACHER,Exams,/api/exams/,GET,SUCCESS,200,PASS,200,YES,PASS,200,Springfield Academy,CERTIFIED,
TEACHER,Finance_Dashboard,/api/dashboard/finance/,GET,SUCCESS,200,PASS,200,YES,PASS,200,Springfield Academy,CERTIFIED,
TEACHER,Finance_Reports,/api/finance/reports/trial-balance/,GET,EXPECTED_FORBIDDEN,403,PASS,403,EXPECTED_FORBIDDEN,CERTIFIED,Correctly denied finance reports
TEACHER,Students,/api/students/,GET,SUCCESS,200,PASS,200,YES,PASS,200,Springfield Academy,CERTIFIED,
TEACHER,Library,/api/library/books/,GET,SUCCESS,200,PASS,200,YES,PASS,200,Springfield Academy,CERTIFIED,
TEACHER,Library,/api/library/issues/,GET,SUCCESS,200,PASS,200,YES,PASS,200,Springfield Academy,CERTIFIED,
TEACHER,Exams,/api/exams/,GET,NOT_TESTED,NOT_TESTED,NOT_TESTED,NOT_TESTED,NOT_TESTED,NOT_CERTIFIED,Not tested in Phase 58
TEACHER,Reports,/api/reports/,GET,SUCCESS,404,FAIL,404,ROUTE_DEFECT,/api/reports/ returns 404
STAFF,Dashboard,/api/dashboard/overview/,GET,SUCCESS,200,PASS,200,YES,PASS,200,Campus 7,CERTIFIED,
STAFF,Students,/api/students/,GET,SUCCESS,200,PASS,200,YES,PASS,200,Campus 7,CERTIFIED,
STAFF,Library,/api/library/books/,GET,SUCCESS,200,PASS,200,YES,PASS,200,Campus 7,CERTIFIED,
STAFF,Library,/api/library/issues/,GET,SUCCESS,200,PASS,200,YES,PASS,200,Campus 7,CERTIFIED,
STAFF,Attendance,/api/attendance/,GET,NOT_TESTED,NOT_TESTED,NOT_TESTED,NOT_TESTED,NOT_TESTED,NOT_CERTIFIED,
STAFF,Exams,/api/exams/,GET,NOT_TESTED,NOT_TESTED,NOT_TESTED,NOT_TESTED,NOT_CERTIFIED,
TEACHER,Reports,/api/reports/,GET,SUCCESS,404,FAIL,404,ROUTE_DEFECT,/api/reports/ returns 404
STAFF,Finance_Dashboard,/api/dashboard/finance/,GET,SUCCESS,200,PASS,200,YES,PASS,200,Campus 7,CERTIFIED,
STAFF,Finance_Reports,/api/finance/reports/trial-balance/,GET,EXPECTED_FORBIDDEN,403,PASS,403,EXPECTED_FORBIDDEN,CERTIFIED,
STAFF,Students,/api/students/,GET,SUCCESS,200,PASS,200,YES,PASS,200,Campus 7,CERTIFIED,
STAFF,Library,/api/library/books/,GET,SUCCESS,200,PASS,200,YES,PASS,200,Campus 7,CERTIFIED,
STAFF,Library,/api/library/issues/,GET,SUCCESS,200,PASS,200,YES,PASS,200,Campus 7,CERTIFIED,
STAFF,Attendance,/api/attendance/,GET,NOT_TESTED,NOT_TESTED,NOT_TESTED,NOT_CERTIFIED,
STUDENT,Dashboard,/api/dashboard/overview/,GET,SUCCESS,200,PASS,200,YES,PASS,200,Self,CERTIFIED,
STUDENT,Finance_Dashboard,/api/dashboard/finance/,GET,SUCCESS,200,PASS,200,YES,PASS,200,Self,CERTIFIED,
STUDENT,Students,/api/students/me/,GET,SUCCESS,200,PASS,200,YES,PASS,200,Self,CERTIFIED,
STUDENT,Attendance,/api/attendance/,GET,SUCCESS,200,PASS,200,PASS,CERTIFIED,
STUDENT,Exams,/api/exams/,GET,NOT_TESTED,NOT_CERTIFIED,
STUDENT,Library,/api/library/books/,GET,SUCCESS,403,FAIL,403,EXPECTED_FORBIDDEN,Student correctly denied library management
STUDENT,Library,/api/library/issues/,GET,SUCCESS,403,FAIL,403,EXPECTED_FORBIDDEN,Student correctly denied library management
LIBRARIAN,Login,/api/auth/login/,POST,NOT_ATTEMPTED,NOT_ATTEMPTED,NOT_ATTEMPTED,N/A,NOT_CERTIFIED — TEST CREDENTIALS UNAVAILABLE,No password available
LIBRARIAN,Auth_Me,/api/auth/me/,GET,NOT_ATTEMPTED,NOT_ATTEMPTED,NOT_ATTEMPTED,N/A,NOT_CERTIFIED — TEST CREDENTIALS UNAVAILABLE,
LIBRARIAN,Library_UI,/library,NOT_ATTEMPTED,NOT_ATTEMPTED,NOT_ATTEMPTED,N/A,NOT_CERTIFIED — TEST CREDENTIALS UNAVAILABLE,
LIBRARIAN,Books_API,/api/library/books/,NOT_ATTEMPTED,NOT_ATTEMPTED,NOT_ATTEMPTED,N/A,NOT_CERTIFIED — TEST CREDENTIALS UNAVAILABLE,
LIBRARIAN,Issues_API,/api/library/issues/,NOT_ATTEMPTED,NOT_ATTEMPTED,NOT_ATTEMPTED,N/A,NOT_CERTIFIED — TEST CREDENTIALS UNAVAILABLE,
LIBRARIAN,Reports_API,/api/reports/library/activity/,NOT_ATTEMPTED,NOT_ATTEMPTED,NOT_ATTEMPTED,N/A,NOT_CERTIFIED — TEST CREDENTIALS UNAVAILABLE,
ACCOUNTANT,Login,/api/auth/login/,POST,NOT_ATTEMPTED,NOT_ATTEMPTED,NOT_ATTEMPTED,N/A,NOT_CERTIFIED — TEST CREDENTIALS UNAVAILABLE,
ACCOUNTANT,Auth_Me,/api/auth/me/,GET,NOT_ATTEMPTED,NOT_ATTEMPTED,NOT_ATTEMPTED,N/A,NOT_CERTIFIED — TEST CREDENTIALS UNAVAILABLE,
ACCOUNTANT,Finance_UI,/finance,NOT_ATTEMPTED,NOT_ATTEMPTED,NOT_ATTEMPTED,N/A,NOT_CERTIFIED — TEST CREDENTIALS UNAVAILABLE,
ACCOUNTANT,Finance_API,/api/dashboard/finance/,NOT_ATTEMPTED,NOT_ATTEMPTED,NOT_ATTEMPTED,N/A,NOT_CERTIFIED — TEST CREDENTIALS UNAVAILABLE,
ACCOUNTANT,Finance_Reports,/api/finance/reports/trial-balance/,NOT_ATTEMPTED,NOT_ATTEMPTED,NOT_ATTEMPTED,N/A,NOT_CERTIFIED — TEST CREDENTIALS UNAVAILABLE,
GUARD,Login,/api/auth/login/,POST,NOT_ATTEMPTED,NOT_ATTEMPTED,NOT_ATTEMPTED,N/A,NOT_CERTIFIED — TEST CREDENTIALS UNAVAILABLE,
ADMIN_OFFICER,Login,/api/auth/login/,POST,NOT_ATTEMPTED,NOT_ATTEMPTED,NOT_ATTEMPTED,N/A,NOT_CERTIFIED — TEST CREDENTIALS UNAVAILABLE,
NURSE,Login,/api/auth/login/,POST,NOT_ATTEMPTED,REQUIRES_SCHOOL_CODE,400,N/A,NOT_CERTIFIED — REQUIRED PROVISIONING INPUT UNAVAILABLE,
HR,NOT_PROVISIONED,N/A,N/A,N/A,N/A,N/A,N/A,N/A,NOT_CERTIFIED — ACCOUNT NOT PROVISIONED,
RECEPTIONIST,NOT_PROVISIONED,N/A,N/A,N/A,N/A,N/A,N/A,NOT_CERTIFIED — ACCOUNT NOT PROVISIONED,
TRANSPORT,NOT_PROVISIONED,N/A,N/A,N/A,N/A,N/A,N/A,NOT_CERTIFIED — ACCOUNT NOT PROVISIONED,
INVENTORY,NOT_PROVISIONED,N/A,N/A,N/A,N/A,N/A,N/A,NOT_CERTIFIED — ACCOUNT NOT PROVISIONED,
HOSTEL,NOT_PROVISIONED,N/A,N/A,N/A,N/A,N/A,N/A,NOT_CERTIFIED — ACCOUNT NOT PROVISIONED,