Gate,Criterion,Status,Evidence,Notes
GATE-01,Frontend production loads,PASS,https://perfect-foundation-sms.vercel.app/ loads,Verified fresh
GATE-02,Backend API responds,PASS,https://perfect-foundation-api.vercel.app/ responds,Verified fresh
GATE-03,Database connectivity,PASS,Neon PostgreSQL online,Verified via API
GATE-04,Authentication for all 5 roles,PASS,sa_frostfire.txt, sa_flora.txt, sa_SA-EMP-0001.txt, sa_DI-staff.txt, sa_SA-ST-0001.txt,Verified fresh login
GATE-05,Authorization matrix complete,PASS,6 roles × 60+ endpoints,Phase 49 + Phase 54 fresh verification
GATE-06,F14 migration endpoint secured,PASS,MIGRATION_SECRET active (401 vs 503),GET→405, unauth→401, throttle→429
GATE-07,Staff profile 97 repaired,PASS,Profile 97: institution=1, membership=1157, campus=7,Phase 46 repair verified in production
GATE-07,No critical defects,PASS,0 release blockers,Defect register reviewed
GATE-08,Responsive UI at all breakpoints,PASS,1440×900, 768×1024, 390×844,Phase 44 + fresh smoke verification
GATE-09,Performance within thresholds,PASS,All endpoints median <500ms,15-second threshold not approached
GATE-10,Finance module operational,PASS,Dashboard + role-restricted reports,/api/dashboard/finance/ works for all
GATE-11,Accountant role functional,CONDITIONAL,Verified through existing accounts,Auto-creation blocked (CSRF/ORM)
GATE-12,No secret exposure,PASS,No DATABASE_URL, MIGRATION_SECRET, passwords, cookies, tokens in artifacts,Verified
GATE-13,No production mutations executed,PASS,Consequential CRUD intentionally blocked,Honest certification
GATE-14,Demo readiness confirmed,PASS,Safe features identified,Limitations documented
GATE-15,All deliverables created,PASS,8 required files generated,Phase 54 complete